path,label,gender,age_code,reason_code,sample_rate,channels,duration_sec
D:\IISc\sem2\EdgeAI\Project\proj-v2\donateacry-corpus-master\donateacry_corpus_cleaned_and_updated_data\hungry\4CD5903D-E2CE-401E-B898-D873C763F44B-1430727644-1.0-m-26-hu.wav,hungry,m,26,hu,8000,1,7.0
D:\IISc\sem2\EdgeAI\Project\proj-v2\donateacry-corpus-master\donateacry_corpus_cleaned_and_updated_data\hungry\89964233-cbdb-4f34-a819-5f4b5ce3f5f5-1430049868816-1.7-f-04-hu.wav,hungry,f,4,hu,8000,1,6.92
D:\IISc\sem2\EdgeAI\Project\proj-v2\donateacry-corpus-master\donateacry_corpus_cleaned_and_updated_data\hungry\f5b29377-7cd6-4688-942c-5a07add39dc5-1437178455960-1.7-f-26-hu.wav,hungry,f,26,hu,8000,1,7.06
D:\IISc\sem2\EdgeAI\Project\proj-v2\donateacry-corpus-master\donateacry_corpus_cleaned_and_updated_data\hungry\3941D08C-5A97-48A4-8830-091D878137F6-1430099813-1.0-m-72-hu.wav,hungry,m,72,hu,8000,1,7.0
D:\IISc\sem2\EdgeAI\Project\proj-v2\donateacry-corpus-master\donateacry_corpus_cleaned_and_updated_data\hungry\743E7CCA-D32B-40B6-9541-9808122D3F6B-1436860011-1.1-f-26-hu.wav,hungry,f,26,hu,8000,1,7.0
D:\IISc\sem2\EdgeAI\Project\proj-v2\donateacry-corpus-master\donateacry_corpus_cleaned_and_updated_data\hungry\F950E7E3-A1A5-4A01-99F4-9B155C3C6606-1430305696-1.0-m-72-hu.wav,hungry,m,72,hu,8000,1,7.0
D:\IISc\sem2\EdgeAI\Project\proj-v2\donateacry-corpus-master\donateacry_corpus_cleaned_and_updated_data\hungry\090C15A8-5406-4EA5-97A3-81F6527227C0-1430147582-1.0-m-72-hu.wav,hungry,m,72,hu,8000,1,7.0
D:\IISc\sem2\EdgeAI\Project\proj-v2\donateacry-corpus-master\donateacry_corpus_cleaned_and_updated_data\hungry\adb53808-8b13-4c08-b055-6653c75298be-1430133962749-1.7-m-72-hu.wav,hungry,m,72,hu,8000,1,6.92
D:\IISc\sem2\EdgeAI\Project\proj-v2\donateacry-corpus-master\donateacry_corpus_cleaned_and_updated_data\hungry\36f1b3ec-3d2a-470e-af6f-0a8cc11b2723-1430237012976-1.7-m-04-hu.wav,hungry,m,4,hu,8000,1,6.96
D:\IISc\sem2\EdgeAI\Project\proj-v2\donateacry-corpus-master\donateacry_corpus_cleaned_and_updated_data\tired\eea17285-4ab9-4d34-a2f5-55fc8c866ac6-1431887695278-1.7-f-26-ti.wav,tired,f,26,ti,8000,1,6.92
D:\IISc\sem2\EdgeAI\Project\proj-v2\donateacry-corpus-master\donateacry_corpus_cleaned_and_updated_data\hungry\a40b9b8d-e4bc-457a-badf-f38bdbc0c358-1430017191818-1.7-m-26-hu.wav,hungry,m,26,hu,8000,1,6.92
D:\IISc\sem2\EdgeAI\Project\proj-v2\donateacry-corpus-master\donateacry_corpus_cleaned_and_updated_data\hungry\8f4dbf5a-b504-4452-b6ac-94e646a6a052-1430735040980-1.7-f-72-hu.wav,hungry,f,72,hu,8000,1,6.96
D:\IISc\sem2\EdgeAI\Project\proj-v2\donateacry-corpus-master\donateacry_corpus_cleaned_and_updated_data\hungry\090C15A8-5406-4EA5-97A3-81F6527227C0-1430147525-1.0-m-72-hu.wav,hungry,m,72,hu,8000,1,7.0
D:\IISc\sem2\EdgeAI\Project\proj-v2\donateacry-corpus-master\donateacry_corpus_cleaned_and_updated_data\hungry\5728DDD6-149B-412F-A14B-C29B9B5E415F-1432635069-1.0-m-26-hu.wav,hungry,m,26,hu,8000,1,7.0
D:\IISc\sem2\EdgeAI\Project\proj-v2\donateacry-corpus-master\donateacry_corpus_cleaned_and_updated_data\hungry\4be720ce-a5e5-4a48-930f-a212f8a239f6-1434737668804-1.7-f-48-hu.wav,hungry,f,48,hu,8000,1,6.78
D:\IISc\sem2\EdgeAI\Project\proj-v2\donateacry-corpus-master\donateacry_corpus_cleaned_and_updated_data\hungry\b5044f9a-6f2e-44fc-8e04-9076a988acf2-1435544527174-1.7-m-04-hu.wav,hungry,m,4,hu,8000,1,6.9
D:\IISc\sem2\EdgeAI\Project\proj-v2\donateacry-corpus-master\donateacry_corpus_cleaned_and_updated_data\hungry\2e25d0a5-0b2b-44ef-8491-e445b16ea75c-1430056332640-1.7-f-26-hu.wav,hungry,f,26,hu,8000,1,6.66
D:\IISc\sem2\EdgeAI\Project\proj-v2\donateacry-corpus-master\donateacry_corpus_cleaned_and_updated_data\hungry\9CFD61B9-BF13-406D-8B2F-F73CFAAF25CB-1430927728-1.0-f-04-hu.wav,hungry,f,4,hu,8000,1,7.0
D:\IISc\sem2\EdgeAI\Project\proj-v2\donateacry-corpus-master\donateacry_corpus_cleaned_and_updated_data\hungry\7616E8F4-B1A7-45A6-9A0C-C9BB2DE64FC3-1436868751-1.1-m-72-hu.wav,hungry,m,72,hu,8000,1,7.0
D:\IISc\sem2\EdgeAI\Project\proj-v2\donateacry-corpus-master\donateacry_corpus_cleaned_and_updated_data\hungry\50DC5FBC-AC95-44F2-B55F-E4E5FB03AC96-1430007668-1.0-m-26-hu.wav,hungry,m,26,hu,8000,1,7.0
D:\IISc\sem2\EdgeAI\Project\proj-v2\donateacry-corpus-master\donateacry_corpus_cleaned_and_updated_data\hungry\d6cda191-4962-4308-9a36-46d5648a95ed-1431882032820-1.7-m-04-hu.wav,hungry,m,4,hu,8000,1,6.82
D:\IISc\sem2\EdgeAI\Project\proj-v2\donateacry-corpus-master\donateacry_corpus_cleaned_and_updated_data\hungry\A123AD65-38D3-4A65-AB37-330034765840-1430093726-1.0-m-04-hu.wav,hungry,m,4,hu,8000,1,7.0
D:\IISc\sem2\EdgeAI\Project\proj-v2\donateacry-corpus-master\donateacry_corpus_cleaned_and_updated_data\discomfort\665BDF6D-2897-49F9-8AD0-978B3B2A0468-1430530218-1.0-m-26-dc.wav,discomfort,m,26,dc,8000,1,7.0
D:\IISc\sem2\EdgeAI\Project\proj-v2\donateacry-corpus-master\donateacry_corpus_cleaned_and_updated_data\hungry\0f257dac-7d6f-4575-9192-e3b4dcd3d4ef-1430185441581-1.7-f-26-hu.wav,hungry,f,26,hu,8000,1,6.96
D:\IISc\sem2\EdgeAI\Project\proj-v2\donateacry-corpus-master\donateacry_corpus_cleaned_and_updated_data\hungry\10A40438-09AA-4A21-83B4-8119F03F7A11-1430848034-1.0-f-26-hu.wav,hungry,f,26,hu,8000,1,7.0
D:\IISc\sem2\EdgeAI\Project\proj-v2\donateacry-corpus-master\donateacry_corpus_cleaned_and_updated_data\hungry\D833237F-1F7C-4338-BEDE-84C0CF5F4145-1430083995-1.0-f-26-hu.wav,hungry,f,26,hu,8000,1,7.0
D:\IISc\sem2\EdgeAI\Project\proj-v2\donateacry-corpus-master\donateacry_corpus_cleaned_and_updated_data\hungry\F6C6D3EE-F139-48A4-9EAC-0A50EB011CDC-1430103974-1.0-m-04-hu.wav,hungry,m,4,hu,8000,1,7.0
D:\IISc\sem2\EdgeAI\Project\proj-v2\donateacry-corpus-master\donateacry_corpus_cleaned_and_updated_data\hungry\4cefc13c-e7c0-4b5a-bddb-c40c103e640a-1431583470764-1.7-f-26-hu.wav,hungry,f,26,hu,8000,1,6.78
D:\IISc\sem2\EdgeAI\Project\proj-v2\donateacry-corpus-master\donateacry_corpus_cleaned_and_updated_data\hungry\3bb2445a-9ae9-4dc8-9a2e-86c696ffa405-1430122479873-1.7-m-26-hu.wav,hungry,m,26,hu,8000,1,6.92
D:\IISc\sem2\EdgeAI\Project\proj-v2\donateacry-corpus-master\donateacry_corpus_cleaned_and_updated_data\hungry\D18A30C6-4370-4BE0-83F8-031892F96603-1432989796-1.1-f-04-hu.wav,hungry,f,4,hu,8000,1,7.0
D:\IISc\sem2\EdgeAI\Project\proj-v2\donateacry-corpus-master\donateacry_corpus_cleaned_and_updated_data\discomfort\999bf14b-e417-4b44-b746-9253f81efe38-1430845018393-1.7-m-26-ch.wav,discomfort,m,26,ch,8000,1,6.9
D:\IISc\sem2\EdgeAI\Project\proj-v2\donateacry-corpus-master\donateacry_corpus_cleaned_and_updated_data\hungry\f896b69d-6241-4b51-9c45-0d628bc827c1-1430090274181-1.7-m-04-hu.wav,hungry,m,4,hu,8000,1,6.9
D:\IISc\sem2\EdgeAI\Project\proj-v2\donateacry-corpus-master\donateacry_corpus_cleaned_and_updated_data\hungry\edb5924c-07ba-4eaa-838b-aaf9511a219b-1431894189631-1.7-m-48-hu.wav,hungry,m,48,hu,8000,1,6.94
D:\IISc\sem2\EdgeAI\Project\proj-v2\donateacry-corpus-master\donateacry_corpus_cleaned_and_updated_data\hungry\6d922623-8424-4625-be4c-4964e0c9e25c-1434898452774-1.7-m-04-hu.wav,hungry,m,4,hu,8000,1,6.96
D:\IISc\sem2\EdgeAI\Project\proj-v2\donateacry-corpus-master\donateacry_corpus_cleaned_and_updated_data\tired\D4665929-8695-4655-927F-63F09B2D4CB8-1430726940-1.0-f-26-ti.wav,tired,f,26,ti,8000,1,7.0
D:\IISc\sem2\EdgeAI\Project\proj-v2\donateacry-corpus-master\donateacry_corpus_cleaned_and_updated_data\hungry\1abb2260-a652-4ba7-bd98-7d463312730f-1430041727150-1.7-m-04-hu.wav,hungry,m,4,hu,8000,1,6.9
D:\IISc\sem2\EdgeAI\Project\proj-v2\donateacry-corpus-master\donateacry_corpus_cleaned_and_updated_data\hungry\6bd76f21-f279-4c46-9453-58c95e7b2475-1430767927715-1.7-m-72-hu.wav,hungry,m,72,hu,8000,1,6.62
D:\IISc\sem2\EdgeAI\Project\proj-v2\donateacry-corpus-master\donateacry_corpus_cleaned_and_updated_data\hungry\3030d0e9-0c9b-4616-9b83-f10dc2dedbfd-1430053456045-1.7-m-26-hu.wav,hungry,m,26,hu,8000,1,6.76
D:\IISc\sem2\EdgeAI\Project\proj-v2\donateacry-corpus-master\donateacry_corpus_cleaned_and_updated_data\hungry\B0D9116D-8FA4-41AF-B626-BE508FD5CA04-1430832542-1.0-m-04-hu.wav,hungry,m,4,hu,8000,1,7.0
D:\IISc\sem2\EdgeAI\Project\proj-v2\donateacry-corpus-master\donateacry_corpus_cleaned_and_updated_data\hungry\03abcb8f-400a-47d8-ad82-7e4586cc06be-1431864192133-1.7-f-48-hu.wav,hungry,f,48,hu,8000,1,6.98
D:\IISc\sem2\EdgeAI\Project\proj-v2\donateacry-corpus-master\donateacry_corpus_cleaned_and_updated_data\hungry\8c920fd0-fa9f-4926-bcac-074767dcbfcd-1436856382717-1.7-m-04-hu.wav,hungry,m,4,hu,8000,1,6.66
D:\IISc\sem2\EdgeAI\Project\proj-v2\donateacry-corpus-master\donateacry_corpus_cleaned_and_updated_data\tired\b4c460d8-bd6b-4017-9bb8-2ae4ff0c5af1-1430418266487-1.7-f-26-ti.wav,tired,f,26,ti,8000,1,6.92
D:\IISc\sem2\EdgeAI\Project\proj-v2\donateacry-corpus-master\donateacry_corpus_cleaned_and_updated_data\tired\5B416CE8-2591-4531-9ADC-86D085B5D48B-1430144827-1.0-m-48-ti.wav,tired,m,48,ti,8000,1,7.0
D:\IISc\sem2\EdgeAI\Project\proj-v2\donateacry-corpus-master\donateacry_corpus_cleaned_and_updated_data\hungry\D1CB71F9-EF76-49B3-A703-41D557444D21-1436863375-1.1-m-04-hu.wav,hungry,m,4,hu,8000,1,7.0
D:\IISc\sem2\EdgeAI\Project\proj-v2\donateacry-corpus-master\donateacry_corpus_cleaned_and_updated_data\hungry\efd13da0-d40e-48bc-b14e-dee28af4d3c6-1430728179252-1.7-m-22-hu.wav,hungry,m,22,hu,8000,1,6.9
D:\IISc\sem2\EdgeAI\Project\proj-v2\donateacry-corpus-master\donateacry_corpus_cleaned_and_updated_data\hungry\F3BAEDDA-CDC0-4A65-90EE-5C372CEE4F3B-1437012059-1.1-m-26-hu.wav,hungry,m,26,hu,8000,1,7.0
D:\IISc\sem2\EdgeAI\Project\proj-v2\donateacry-corpus-master\donateacry_corpus_cleaned_and_updated_data\hungry\653bf718-94bd-40d0-af7c-8fe44e07640c-1430759231913-1.7-m-04-hu.wav,hungry,m,4,hu,8000,1,6.88
D:\IISc\sem2\EdgeAI\Project\proj-v2\donateacry-corpus-master\donateacry_corpus_cleaned_and_updated_data\hungry\40a4c760-facf-4911-b0a6-22eccc3ab18d-1430466393384-1.7-f-26-hu.wav,hungry,f,26,hu,8000,1,7.06
D:\IISc\sem2\EdgeAI\Project\proj-v2\donateacry-corpus-master\donateacry_corpus_cleaned_and_updated_data\burping\5afc6a14-a9d8-45f8-b31d-c79dd87cc8c6-1430757039803-1.7-m-48-bu.wav,burping,m,48,bu,8000,1,6.66
D:\IISc\sem2\EdgeAI\Project\proj-v2\donateacry-corpus-master\donateacry_corpus_cleaned_and_updated_data\burping\7A864194-4B6B-4850-ABBF-0C2A8170107B-1436846915-1.1-f-26-bu.wav,burping,f,26,bu,8000,1,7.0
D:\IISc\sem2\EdgeAI\Project\proj-v2\donateacry-corpus-master\donateacry_corpus_cleaned_and_updated_data\hungry\FAE74A94-9968-43ED-958C-50D7C4C1F13C-1430770858-1.0-f-22-hu.wav,hungry,f,22,hu,8000,1,7.0
D:\IISc\sem2\EdgeAI\Project\proj-v2\donateacry-corpus-master\donateacry_corpus_cleaned_and_updated_data\hungry\19aae3d1-51c6-4ffb-aeb8-efb6ae7ba83e-1436861395462-1.7-m-48-hu.wav,hungry,m,48,hu,8000,1,6.66
D:\IISc\sem2\EdgeAI\Project\proj-v2\donateacry-corpus-master\donateacry_corpus_cleaned_and_updated_data\hungry\719bb382-a592-46b7-82d2-8b4a625263b7-1430376483385-1.7-m-48-hu.wav,hungry,m,48,hu,8000,1,6.94
D:\IISc\sem2\EdgeAI\Project\proj-v2\donateacry-corpus-master\donateacry_corpus_cleaned_and_updated_data\burping\F24DE44B-762C-4149-AC92-96A5E57ED118-1430816949-1.0-m-04-bu.wav,burping,m,4,bu,8000,1,7.0
D:\IISc\sem2\EdgeAI\Project\proj-v2\donateacry-corpus-master\donateacry_corpus_cleaned_and_updated_data\hungry\35D58153-7AB7-443D-BED0-2D7ABF73743F-1431855847-1.1-m-04-hu.wav,hungry,m,4,hu,8000,1,7.0
D:\IISc\sem2\EdgeAI\Project\proj-v2\donateacry-corpus-master\donateacry_corpus_cleaned_and_updated_data\hungry\459c3f85-5710-4efa-bcc9-8012aa1af55e-1430034880215-1.7-f-48-hu.wav,hungry,f,48,hu,8000,1,6.94
D:\IISc\sem2\EdgeAI\Project\proj-v2\donateacry-corpus-master\donateacry_corpus_cleaned_and_updated_data\hungry\B2A105BB-347B-4878-A735-AA4ECF32CD16-1436864116-1.1-m-26-hu.wav,hungry,m,26,hu,8000,1,7.0
D:\IISc\sem2\EdgeAI\Project\proj-v2\donateacry-corpus-master\donateacry_corpus_cleaned_and_updated_data\hungry\3c0b4e07-33ec-4d68-a6b2-5f5dcb8cff8e-1430070829977-1.7-m-26-hu.wav,hungry,m,26,hu,8000,1,7.06
D:\IISc\sem2\EdgeAI\Project\proj-v2\donateacry-corpus-master\donateacry_corpus_cleaned_and_updated_data\hungry\52dfc27a-fbc4-4d9f-bbcf-6406c919324a-1430041644396-1.7-m-26-hu.wav,hungry,m,26,hu,8000,1,6.9
D:\IISc\sem2\EdgeAI\Project\proj-v2\donateacry-corpus-master\donateacry_corpus_cleaned_and_updated_data\belly_pain\549a46d8-9c84-430e-ade8-97eae2bef787-1430130772174-1.7-m-48-bp.wav,belly_pain,m,48,bp,8000,1,6.86
D:\IISc\sem2\EdgeAI\Project\proj-v2\donateacry-corpus-master\donateacry_corpus_cleaned_and_updated_data\hungry\4be720ce-a5e5-4a48-930f-a212f8a239f6-1434737694572-1.7-f-48-hu.wav,hungry,f,48,hu,8000,1,6.78
D:\IISc\sem2\EdgeAI\Project\proj-v2\donateacry-corpus-master\donateacry_corpus_cleaned_and_updated_data\hungry\ae5a462b-5424-4b5b-82d5-07ccb61654ab-1430405436291-1.7-f-04-hu.wav,hungry,f,4,hu,8000,1,6.88
D:\IISc\sem2\EdgeAI\Project\proj-v2\donateacry-corpus-master\donateacry_corpus_cleaned_and_updated_data\hungry\86c2b87a-ae7c-46a3-b6fb-7ebe748812cf-1430036547966-1.7-m-04-hu.wav,hungry,m,4,hu,8000,1,7.04
D:\IISc\sem2\EdgeAI\Project\proj-v2\donateacry-corpus-master\donateacry_corpus_cleaned_and_updated_data\hungry\1b381a1e-88a6-4a48-b889-a5ccdf0aacaf-1430299568333-1.7-f-72-hu.wav,hungry,f,72,hu,8000,1,6.9
D:\IISc\sem2\EdgeAI\Project\proj-v2\donateacry-corpus-master\donateacry_corpus_cleaned_and_updated_data\hungry\6639C63C-F634-489C-91B3-E3DB5930EFD5-1431370257-1.1-m-04-hu.wav,hungry,m,4,hu,8000,1,7.0
D:\IISc\sem2\EdgeAI\Project\proj-v2\donateacry-corpus-master\donateacry_corpus_cleaned_and_updated_data\hungry\602b06a7-31f0-4370-b35a-9cc81d205958-1430739609286-1.7-f-72-hu.wav,hungry,f,72,hu,8000,1,6.86
D:\IISc\sem2\EdgeAI\Project\proj-v2\donateacry-corpus-master\donateacry_corpus_cleaned_and_updated_data\hungry\B400D2D0-9FCE-472E-A152-1FF349B9B407-1436845915-1.1-m-04-hu.wav,hungry,m,4,hu,8000,1,7.0
D:\IISc\sem2\EdgeAI\Project\proj-v2\donateacry-corpus-master\donateacry_corpus_cleaned_and_updated_data\discomfort\999bf14b-e417-4b44-b746-9253f81efe38-1430844979531-1.7-m-04-ch.wav,discomfort,m,4,ch,8000,1,6.9
D:\IISc\sem2\EdgeAI\Project\proj-v2\donateacry-corpus-master\donateacry_corpus_cleaned_and_updated_data\hungry\F24DE44B-762C-4149-AC92-96A5E57ED118-1430816936-1.0-m-04-hu.wav,hungry,m,4,hu,8000,1,7.0
D:\IISc\sem2\EdgeAI\Project\proj-v2\donateacry-corpus-master\donateacry_corpus_cleaned_and_updated_data\hungry\9fe37482-6a64-401d-b8b9-3e47d6ed9ac0-1430047373513-1.7-f-26-hu.wav,hungry,f,26,hu,8000,1,6.92
D:\IISc\sem2\EdgeAI\Project\proj-v2\donateacry-corpus-master\donateacry_corpus_cleaned_and_updated_data\hungry\5f0a1ed4-ee2c-493c-bc00-6b56aad78a72-1430933240505-1.7-m-72-hu.wav,hungry,m,72,hu,8000,1,6.62
D:\IISc\sem2\EdgeAI\Project\proj-v2\donateacry-corpus-master\donateacry_corpus_cleaned_and_updated_data\belly_pain\d6cda191-4962-4308-9a36-46d5648a95ed-1431159262344-1.7-m-04-bp.wav,belly_pain,m,4,bp,8000,1,6.82
D:\IISc\sem2\EdgeAI\Project\proj-v2\donateacry-corpus-master\donateacry_corpus_cleaned_and_updated_data\hungry\AE02C934-F4E5-4C73-818D-56AA6887EC18-1430279441-1.0-m-26-hu.wav,hungry,m,26,hu,8000,1,7.0
D:\IISc\sem2\EdgeAI\Project\proj-v2\donateacry-corpus-master\donateacry_corpus_cleaned_and_updated_data\hungry\539FDD32-6326-422E-A707-FCF063D3426C-1437073544-1.1-f-26-hu.wav,hungry,f,26,hu,8000,1,7.0
D:\IISc\sem2\EdgeAI\Project\proj-v2\donateacry-corpus-master\donateacry_corpus_cleaned_and_updated_data\hungry\c42e76b9-a4c1-48f6-a91d-27ab83015874-1430737177322-1.7-f-72-hu.wav,hungry,f,72,hu,8000,1,6.64
D:\IISc\sem2\EdgeAI\Project\proj-v2\donateacry-corpus-master\donateacry_corpus_cleaned_and_updated_data\tired\C5127741-5897-468C-A543-7F1B72569F0E-1428333964-1.0-m-26-ti.wav,tired,m,26,ti,8000,1,7.0
D:\IISc\sem2\EdgeAI\Project\proj-v2\donateacry-corpus-master\donateacry_corpus_cleaned_and_updated_data\hungry\6639C63C-F634-489C-91B3-E3DB5930EFD5-1431370278-1.1-m-04-hu.wav,hungry,m,4,hu,8000,1,7.0
D:\IISc\sem2\EdgeAI\Project\proj-v2\donateacry-corpus-master\donateacry_corpus_cleaned_and_updated_data\hungry\69374818-7b73-48ac-8200-e6a225e293fb-1430746091424-1.7-m-04-hu.wav,hungry,m,4,hu,8000,1,6.72
D:\IISc\sem2\EdgeAI\Project\proj-v2\donateacry-corpus-master\donateacry_corpus_cleaned_and_updated_data\hungry\e36730a9-d62b-4752-856f-b42feb1585df-1429975817524-1.7-m-04-hu.wav,hungry,m,4,hu,8000,1,6.76
D:\IISc\sem2\EdgeAI\Project\proj-v2\donateacry-corpus-master\donateacry_corpus_cleaned_and_updated_data\belly_pain\643D64AD-B711-469A-AF69-55C0D5D3E30F-1430138495-1.0-m-72-bp.wav,belly_pain,m,72,bp,8000,1,7.0
D:\IISc\sem2\EdgeAI\Project\proj-v2\donateacry-corpus-master\donateacry_corpus_cleaned_and_updated_data\hungry\8f4dbf5a-b504-4452-b6ac-94e646a6a052-1430735157938-1.7-f-72-hu.wav,hungry,f,72,hu,8000,1,6.92
D:\IISc\sem2\EdgeAI\Project\proj-v2\donateacry-corpus-master\donateacry_corpus_cleaned_and_updated_data\hungry\67414C5E-0EB2-48FD-8391-FCF085FDB6D9-1430050964-1.0-m-04-hu.wav,hungry,m,4,hu,8000,1,7.0
D:\IISc\sem2\EdgeAI\Project\proj-v2\donateacry-corpus-master\donateacry_corpus_cleaned_and_updated_data\hungry\FF2CD2F6-404D-4626-8718-6E6C751F63B8-1431104360-1.0-m-04-hu.wav,hungry,m,4,hu,8000,1,7.0
D:\IISc\sem2\EdgeAI\Project\proj-v2\donateacry-corpus-master\donateacry_corpus_cleaned_and_updated_data\hungry\ad7fd28b-3e85-4e9b-9e18-af4bda64c60f-1430756389867-1.7-m-72-hu.wav,hungry,m,72,hu,8000,1,6.86
D:\IISc\sem2\EdgeAI\Project\proj-v2\donateacry-corpus-master\donateacry_corpus_cleaned_and_updated_data\discomfort\64acb345-a61e-4ef3-a5a6-cf83c04b83f1-1430059012473-1.7-m-72-dc.wav,discomfort,m,72,dc,8000,1,6.68
D:\IISc\sem2\EdgeAI\Project\proj-v2\donateacry-corpus-master\donateacry_corpus_cleaned_and_updated_data\hungry\11417AC2-DCC9-48CD-8177-CA8665E51B2F-1436881489-1.1-m-48-hu.wav,hungry,m,48,hu,8000,1,7.0
D:\IISc\sem2\EdgeAI\Project\proj-v2\donateacry-corpus-master\donateacry_corpus_cleaned_and_updated_data\hungry\F4A0C710-AC2D-42E0-8EA9-3E4CAC31EE20-1430318400-1.0-m-04-hu.wav,hungry,m,4,hu,8000,1,7.0
D:\IISc\sem2\EdgeAI\Project\proj-v2\donateacry-corpus-master\donateacry_corpus_cleaned_and_updated_data\hungry\31e785de-b0c9-464f-88e2-bd8f1dd5cda4-1433403682898-1.7-m-04-hu.wav,hungry,m,4,hu,8000,1,6.78
D:\IISc\sem2\EdgeAI\Project\proj-v2\donateacry-corpus-master\donateacry_corpus_cleaned_and_updated_data\hungry\aaa57dbd-7b88-454a-963e-6faa2f4ed4e7-1436982098411-1.7-f-04-hu.wav,hungry,f,4,hu,8000,1,6.9
D:\IISc\sem2\EdgeAI\Project\proj-v2\donateacry-corpus-master\donateacry_corpus_cleaned_and_updated_data\hungry\cde108d0-62c3-47f8-82c4-233c9fba5cdd-1436884444242-1.7-m-48-hu.wav,hungry,m,48,hu,8000,1,6.86
D:\IISc\sem2\EdgeAI\Project\proj-v2\donateacry-corpus-master\donateacry_corpus_cleaned_and_updated_data\hungry\218e6fd7-f9c5-4490-afd7-c4fba174e7d2-1430209174300-1.7-m-72-hu.wav,hungry,m,72,hu,8000,1,7.04
D:\IISc\sem2\EdgeAI\Project\proj-v2\donateacry-corpus-master\donateacry_corpus_cleaned_and_updated_data\hungry\adb53808-8b13-4c08-b055-6653c75298be-1430133982281-1.7-m-72-hu.wav,hungry,m,72,hu,8000,1,6.92
D:\IISc\sem2\EdgeAI\Project\proj-v2\donateacry-corpus-master\donateacry_corpus_cleaned_and_updated_data\hungry\2ad6d558-32f2-4bfd-99c5-cbd31ee3bb11-1430064396119-1.7-m-72-hu.wav,hungry,m,72,hu,8000,1,6.72
D:\IISc\sem2\EdgeAI\Project\proj-v2\donateacry-corpus-master\donateacry_corpus_cleaned_and_updated_data\hungry\090C15A8-5406-4EA5-97A3-81F6527227C0-1430147515-1.0-m-72-hu.wav,hungry,m,72,hu,8000,1,7.0
D:\IISc\sem2\EdgeAI\Project\proj-v2\donateacry-corpus-master\donateacry_corpus_cleaned_and_updated_data\hungry\F6C6D3EE-F139-48A4-9EAC-0A50EB011CDC-1430103957-1.0-m-04-hu.wav,hungry,m,4,hu,8000,1,7.0
D:\IISc\sem2\EdgeAI\Project\proj-v2\donateacry-corpus-master\donateacry_corpus_cleaned_and_updated_data\tired\06c4cfa2-7fa6-4fda-91a1-ea186a4acc64-1430029246453-1.7-f-26-ti.wav,tired,f,26,ti,8000,1,6.52
D:\IISc\sem2\EdgeAI\Project\proj-v2\donateacry-corpus-master\donateacry_corpus_cleaned_and_updated_data\hungry\3bb2445a-9ae9-4dc8-9a2e-86c696ffa405-1430142760958-1.7-m-26-hu.wav,hungry,m,26,hu,8000,1,6.92
D:\IISc\sem2\EdgeAI\Project\proj-v2\donateacry-corpus-master\donateacry_corpus_cleaned_and_updated_data\hungry\7E4B9C14-F955-4BED-9B03-7F3096A6CBFF-1430232180-1.0-f-26-hu.wav,hungry,f,26,hu,8000,1,7.0
D:\IISc\sem2\EdgeAI\Project\proj-v2\donateacry-corpus-master\donateacry_corpus_cleaned_and_updated_data\discomfort\D1CB71F9-EF76-49B3-A703-41D557444D21-1436863419-1.1-f-26-dc.wav,discomfort,f,26,dc,8000,1,7.0
D:\IISc\sem2\EdgeAI\Project\proj-v2\donateacry-corpus-master\donateacry_corpus_cleaned_and_updated_data\hungry\81724071-bc5e-4e38-8f35-85a691af5721-1430737552979-1.7-m-04-hu.wav,hungry,m,4,hu,8000,1,6.94
D:\IISc\sem2\EdgeAI\Project\proj-v2\donateacry-corpus-master\donateacry_corpus_cleaned_and_updated_data\hungry\3BF71DAF-2A9E-4355-89D3-41AC37E94083-1437281306-1.1-f-26-hu.wav,hungry,f,26,hu,8000,1,7.0
D:\IISc\sem2\EdgeAI\Project\proj-v2\donateacry-corpus-master\donateacry_corpus_cleaned_and_updated_data\hungry\ed31b187-34af-4ff1-979c-3b8a5905fb7b-1430044808480-1.7-m-04-hu.wav,hungry,m,4,hu,8000,1,6.64
D:\IISc\sem2\EdgeAI\Project\proj-v2\donateacry-corpus-master\donateacry_corpus_cleaned_and_updated_data\hungry\e37c323c-0edb-4942-be47-3cc0b2de00a1-1434392936735-1.7-f-26-hu.wav,hungry,f,26,hu,8000,1,6.92
D:\IISc\sem2\EdgeAI\Project\proj-v2\donateacry-corpus-master\donateacry_corpus_cleaned_and_updated_data\hungry\549a46d8-9c84-430e-ade8-97eae2bef787-1430130686288-1.7-m-48-hu.wav,hungry,m,48,hu,8000,1,6.88
D:\IISc\sem2\EdgeAI\Project\proj-v2\donateacry-corpus-master\donateacry_corpus_cleaned_and_updated_data\hungry\7fd72d70-07c4-40a0-85e9-c91df9bdefb2-1430994916704-1.7-f-04-hu.wav,hungry,f,4,hu,8000,1,7.06
D:\IISc\sem2\EdgeAI\Project\proj-v2\donateacry-corpus-master\donateacry_corpus_cleaned_and_updated_data\hungry\3bb2445a-9ae9-4dc8-9a2e-86c696ffa405-1430142784308-1.7-m-26-hu.wav,hungry,m,26,hu,8000,1,6.84
D:\IISc\sem2\EdgeAI\Project\proj-v2\donateacry-corpus-master\donateacry_corpus_cleaned_and_updated_data\hungry\50DC5FBC-AC95-44F2-B55F-E4E5FB03AC96-1430007691-1.0-m-26-hu.wav,hungry,m,26,hu,8000,1,7.0
D:\IISc\sem2\EdgeAI\Project\proj-v2\donateacry-corpus-master\donateacry_corpus_cleaned_and_updated_data\hungry\d6cda191-4962-4308-9a36-46d5648a95ed-1428333797380-1.5-f-26-hu.wav,hungry,f,26,hu,8000,1,6.82
D:\IISc\sem2\EdgeAI\Project\proj-v2\donateacry-corpus-master\donateacry_corpus_cleaned_and_updated_data\hungry\cde108d0-62c3-47f8-82c4-233c9fba5cdd-1436884406827-1.7-m-48-hu.wav,hungry,m,48,hu,8000,1,6.92
D:\IISc\sem2\EdgeAI\Project\proj-v2\donateacry-corpus-master\donateacry_corpus_cleaned_and_updated_data\hungry\9CFD61B9-BF13-406D-8B2F-F73CFAAF25CB-1430927741-1.0-f-04-hu.wav,hungry,f,4,hu,8000,1,7.0
D:\IISc\sem2\EdgeAI\Project\proj-v2\donateacry-corpus-master\donateacry_corpus_cleaned_and_updated_data\hungry\2602b7c2-e96d-42f6-9767-f1ae74925ef8-1431376228657-1.7-f-22-hu.wav,hungry,f,22,hu,8000,1,6.92
D:\IISc\sem2\EdgeAI\Project\proj-v2\donateacry-corpus-master\donateacry_corpus_cleaned_and_updated_data\hungry\9090c7a3-bebc-4485-aafc-64e4298da3ac-1430109146143-1.7-f-26-hu.wav,hungry,f,26,hu,8000,1,7.02
D:\IISc\sem2\EdgeAI\Project\proj-v2\donateacry-corpus-master\donateacry_corpus_cleaned_and_updated_data\hungry\1f40790f-68f2-4e7e-845e-715bd97c82d0-1429979603276-1.7-m-72-hu.wav,hungry,m,72,hu,8000,1,6.72
D:\IISc\sem2\EdgeAI\Project\proj-v2\donateacry-corpus-master\donateacry_corpus_cleaned_and_updated_data\tired\7A22229D-06C2-4AAA-9674-DE5DF1906B3A-1436891944-1.1-m-72-ti.wav,tired,m,72,ti,8000,1,7.0
D:\IISc\sem2\EdgeAI\Project\proj-v2\donateacry-corpus-master\donateacry_corpus_cleaned_and_updated_data\hungry\F3BAEDDA-CDC0-4A65-90EE-5C372CEE4F3B-1437012044-1.1-m-26-hu.wav,hungry,m,26,hu,8000,1,7.0
D:\IISc\sem2\EdgeAI\Project\proj-v2\donateacry-corpus-master\donateacry_corpus_cleaned_and_updated_data\discomfort\1309B82C-F146-46F0-A723-45345AFA6EA8-1432801703-1.1-f-26-dc.wav,discomfort,f,26,dc,8000,1,7.0
D:\IISc\sem2\EdgeAI\Project\proj-v2\donateacry-corpus-master\donateacry_corpus_cleaned_and_updated_data\hungry\b9d0daab-43c8-41f1-86af-3bcdea9af63c-1429979961789-1.7-f-22-hu.wav,hungry,f,22,hu,8000,1,6.78
D:\IISc\sem2\EdgeAI\Project\proj-v2\donateacry-corpus-master\donateacry_corpus_cleaned_and_updated_data\hungry\539FDD32-6326-422E-A707-FCF063D3426C-1437073534-1.1-f-26-hu.wav,hungry,f,26,hu,8000,1,7.0
D:\IISc\sem2\EdgeAI\Project\proj-v2\donateacry-corpus-master\donateacry_corpus_cleaned_and_updated_data\hungry\D833237F-1F7C-4338-BEDE-84C0CF5F4145-1430084007-1.0-f-26-hu.wav,hungry,f,26,hu,8000,1,7.0
D:\IISc\sem2\EdgeAI\Project\proj-v2\donateacry-corpus-master\donateacry_corpus_cleaned_and_updated_data\hungry\ae5a462b-5424-4b5b-82d5-07ccb61654ab-1431155960186-1.7-f-48-hu.wav,hungry,f,48,hu,8000,1,6.9
D:\IISc\sem2\EdgeAI\Project\proj-v2\donateacry-corpus-master\donateacry_corpus_cleaned_and_updated_data\hungry\aaa57dbd-7b88-454a-963e-6faa2f4ed4e7-1437166513710-1.7-f-04-hu.wav,hungry,f,4,hu,8000,1,7.02
D:\IISc\sem2\EdgeAI\Project\proj-v2\donateacry-corpus-master\donateacry_corpus_cleaned_and_updated_data\hungry\52dfc27a-fbc4-4d9f-bbcf-6406c919324a-1430041657947-1.7-m-26-hu.wav,hungry,m,26,hu,8000,1,6.92
D:\IISc\sem2\EdgeAI\Project\proj-v2\donateacry-corpus-master\donateacry_corpus_cleaned_and_updated_data\belly_pain\643D64AD-B711-469A-AF69-55C0D5D3E30F-1430138524-1.0-m-72-bp.wav,belly_pain,m,72,bp,8000,1,7.0
D:\IISc\sem2\EdgeAI\Project\proj-v2\donateacry-corpus-master\donateacry_corpus_cleaned_and_updated_data\hungry\1259bcad-2308-46fa-9a36-b5d8f359886a-1430143668806-1.7-f-04-hu.wav,hungry,f,4,hu,8000,1,6.86
D:\IISc\sem2\EdgeAI\Project\proj-v2\donateacry-corpus-master\donateacry_corpus_cleaned_and_updated_data\tired\7A22229D-06C2-4AAA-9674-DE5DF1906B3A-1436891957-1.1-m-72-ti.wav,tired,m,72,ti,8000,1,7.0
D:\IISc\sem2\EdgeAI\Project\proj-v2\donateacry-corpus-master\donateacry_corpus_cleaned_and_updated_data\hungry\bb2bdafb-0477-4be4-8c41-1a6192e8c6d4-1430637663087-1.7-m-72-hu.wav,hungry,m,72,hu,8000,1,6.66
D:\IISc\sem2\EdgeAI\Project\proj-v2\donateacry-corpus-master\donateacry_corpus_cleaned_and_updated_data\tired\06c4cfa2-7fa6-4fda-91a1-ea186a4acc64-1430029221058-1.7-f-26-ti.wav,tired,f,26,ti,8000,1,6.68
D:\IISc\sem2\EdgeAI\Project\proj-v2\donateacry-corpus-master\donateacry_corpus_cleaned_and_updated_data\hungry\415d69b4-6d84-4bf8-97b0-10f8f108dc1d-1430739498797-1.7-m-04-hu.wav,hungry,m,4,hu,8000,1,7.06
D:\IISc\sem2\EdgeAI\Project\proj-v2\donateacry-corpus-master\donateacry_corpus_cleaned_and_updated_data\hungry\50DC5FBC-AC95-44F2-B55F-E4E5FB03AC96-1430108024-1.0-m-26-hu.wav,hungry,m,26,hu,8000,1,7.0
D:\IISc\sem2\EdgeAI\Project\proj-v2\donateacry-corpus-master\donateacry_corpus_cleaned_and_updated_data\hungry\999bf14b-e417-4b44-b746-9253f81efe38-1431013068243-1.7-m-26-hu.wav,hungry,m,26,hu,8000,1,6.9
D:\IISc\sem2\EdgeAI\Project\proj-v2\donateacry-corpus-master\donateacry_corpus_cleaned_and_updated_data\hungry\7CF37029-1040-40B8-ACC9-7E6E5C03AF9B-1429808939-1.0-m-72-hu.wav,hungry,m,72,hu,8000,1,7.0
D:\IISc\sem2\EdgeAI\Project\proj-v2\donateacry-corpus-master\donateacry_corpus_cleaned_and_updated_data\hungry\10A40438-09AA-4A21-83B4-8119F03F7A11-1430848070-1.0-f-26-hu.wav,hungry,f,26,hu,8000,1,7.0
D:\IISc\sem2\EdgeAI\Project\proj-v2\donateacry-corpus-master\donateacry_corpus_cleaned_and_updated_data\hungry\c6fd9d60-0fa7-44c0-b3ce-0192527d7b81-1430038968282-1.7-m-04-hu.wav,hungry,m,4,hu,8000,1,6.78
D:\IISc\sem2\EdgeAI\Project\proj-v2\donateacry-corpus-master\donateacry_corpus_cleaned_and_updated_data\hungry\d79affbc-f7b4-4ef0-ae57-be5da4b827bf-1430761528998-1.7-m-72-hu.wav,hungry,m,72,hu,8000,1,6.94
D:\IISc\sem2\EdgeAI\Project\proj-v2\donateacry-corpus-master\donateacry_corpus_cleaned_and_updated_data\hungry\DB95BF4A-E3E5-4429-A660-DBBCF486E6DF-1430664633-1.0-f-72-hu.wav,hungry,f,72,hu,8000,1,7.0
D:\IISc\sem2\EdgeAI\Project\proj-v2\donateacry-corpus-master\donateacry_corpus_cleaned_and_updated_data\hungry\92d08bbe-553f-4844-85b1-15d572f06ea2-1436873183951-1.7-m-04-hu.wav,hungry,m,4,hu,8000,1,6.78
D:\IISc\sem2\EdgeAI\Project\proj-v2\donateacry-corpus-master\donateacry_corpus_cleaned_and_updated_data\hungry\9CFD61B9-BF13-406D-8B2F-F73CFAAF25CB-1430927704-1.0-f-04-hu.wav,hungry,f,4,hu,8000,1,7.0
D:\IISc\sem2\EdgeAI\Project\proj-v2\donateacry-corpus-master\donateacry_corpus_cleaned_and_updated_data\tired\1309B82C-F146-46F0-A723-45345AFA6EA8-1431172241-1.0-f-48-ti.wav,tired,f,48,ti,8000,1,7.0
D:\IISc\sem2\EdgeAI\Project\proj-v2\donateacry-corpus-master\donateacry_corpus_cleaned_and_updated_data\hungry\415d69b4-6d84-4bf8-97b0-10f8f108dc1d-1430739528719-1.7-m-04-hu.wav,hungry,m,4,hu,8000,1,7.06
D:\IISc\sem2\EdgeAI\Project\proj-v2\donateacry-corpus-master\donateacry_corpus_cleaned_and_updated_data\discomfort\1309B82C-F146-46F0-A723-45345AFA6EA8-1430703937-1.0-f-48-dc.wav,discomfort,f,48,dc,8000,1,7.0
D:\IISc\sem2\EdgeAI\Project\proj-v2\donateacry-corpus-master\donateacry_corpus_cleaned_and_updated_data\hungry\02c3b725-26e4-4a2c-9336-04ddc58836d9-1430726196216-1.7-m-04-hu.wav,hungry,m,4,hu,8000,1,6.94
D:\IISc\sem2\EdgeAI\Project\proj-v2\donateacry-corpus-master\donateacry_corpus_cleaned_and_updated_data\hungry\AA2CA7F6-4547-4CC0-AA4C-5D7B64727FB5-1437123487-1.1-f-26-hu.wav,hungry,f,26,hu,8000,1,7.0
D:\IISc\sem2\EdgeAI\Project\proj-v2\donateacry-corpus-master\donateacry_corpus_cleaned_and_updated_data\hungry\7E4B9C14-F955-4BED-9B03-7F3096A6CBFF-1430232166-1.0-f-26-hu.wav,hungry,f,26,hu,8000,1,7.0
D:\IISc\sem2\EdgeAI\Project\proj-v2\donateacry-corpus-master\donateacry_corpus_cleaned_and_updated_data\hungry\177dc72e-d0f8-47ef-a5a7-3b46878e11a0-1430736358754-1.7-f-26-hu.wav,hungry,f,26,hu,8000,1,6.92
D:\IISc\sem2\EdgeAI\Project\proj-v2\donateacry-corpus-master\donateacry_corpus_cleaned_and_updated_data\hungry\21c07aff-0a8d-4e74-ad5e-e3c7f7bcb11b-1430105653796-1.7-m-04-hu.wav,hungry,m,4,hu,8000,1,6.88
D:\IISc\sem2\EdgeAI\Project\proj-v2\donateacry-corpus-master\donateacry_corpus_cleaned_and_updated_data\hungry\eccb4617-8373-4c4f-b49e-bb2d72bce8d8-1430035348191-1.7-m-26-hu.wav,hungry,m,26,hu,8000,1,6.9
D:\IISc\sem2\EdgeAI\Project\proj-v2\donateacry-corpus-master\donateacry_corpus_cleaned_and_updated_data\hungry\DCB33551-F9BA-4B4A-8DA1-A3107E1AD859-1430406495-1.0-m-04-hu.wav,hungry,m,4,hu,8000,1,7.0
D:\IISc\sem2\EdgeAI\Project\proj-v2\donateacry-corpus-master\donateacry_corpus_cleaned_and_updated_data\hungry\7B924575-21FC-462A-969E-BABB46D1CBF5-1430055243-1.0-f-72-hu.wav,hungry,f,72,hu,8000,1,7.0
D:\IISc\sem2\EdgeAI\Project\proj-v2\donateacry-corpus-master\donateacry_corpus_cleaned_and_updated_data\hungry\999bf14b-e417-4b44-b746-9253f81efe38-1430972705879-1.7-m-26-hu.wav,hungry,m,26,hu,8000,1,6.9
D:\IISc\sem2\EdgeAI\Project\proj-v2\donateacry-corpus-master\donateacry_corpus_cleaned_and_updated_data\discomfort\11417AC2-DCC9-48CD-8177-CA8665E51B2F-1436881512-1.1-m-48-dc.wav,discomfort,m,48,dc,8000,1,7.0
D:\IISc\sem2\EdgeAI\Project\proj-v2\donateacry-corpus-master\donateacry_corpus_cleaned_and_updated_data\belly_pain\d6cda191-4962-4308-9a36-46d5648a95ed-1431159272600-1.7-m-04-bp.wav,belly_pain,m,4,bp,8000,1,6.84
D:\IISc\sem2\EdgeAI\Project\proj-v2\donateacry-corpus-master\donateacry_corpus_cleaned_and_updated_data\hungry\9090c7a3-bebc-4485-aafc-64e4298da3ac-1430088396663-1.7-f-26-hu.wav,hungry,f,26,hu,8000,1,6.94
D:\IISc\sem2\EdgeAI\Project\proj-v2\donateacry-corpus-master\donateacry_corpus_cleaned_and_updated_data\hungry\4D43D6CD-C084-4081-ABF3-8B25951B2D75-1430146631-1.0-m-04-hu.wav,hungry,m,4,hu,8000,1,7.0
D:\IISc\sem2\EdgeAI\Project\proj-v2\donateacry-corpus-master\donateacry_corpus_cleaned_and_updated_data\hungry\ed31b187-34af-4ff1-979c-3b8a5905fb7b-1430044853892-1.7-f-04-hu.wav,hungry,f,4,hu,8000,1,6.64
D:\IISc\sem2\EdgeAI\Project\proj-v2\donateacry-corpus-master\donateacry_corpus_cleaned_and_updated_data\hungry\B456CE9D-CBD4-43E5-899B-8B8B0483F17D-1431015486-1.0-m-72-hu.wav,hungry,m,72,hu,8000,1,7.0
D:\IISc\sem2\EdgeAI\Project\proj-v2\donateacry-corpus-master\donateacry_corpus_cleaned_and_updated_data\discomfort\1309B82C-F146-46F0-A723-45345AFA6EA8-1432801693-1.1-f-26-dc.wav,discomfort,f,26,dc,8000,1,7.0
D:\IISc\sem2\EdgeAI\Project\proj-v2\donateacry-corpus-master\donateacry_corpus_cleaned_and_updated_data\hungry\c10e2b0f-0cb8-4485-b82f-d453edf97db7-1430739158854-1.7-f-26-hu.wav,hungry,f,26,hu,8000,1,6.86
D:\IISc\sem2\EdgeAI\Project\proj-v2\donateacry-corpus-master\donateacry_corpus_cleaned_and_updated_data\hungry\8f4dbf5a-b504-4452-b6ac-94e646a6a052-1430735057816-1.7-f-72-hu.wav,hungry,f,72,hu,8000,1,6.92
D:\IISc\sem2\EdgeAI\Project\proj-v2\donateacry-corpus-master\donateacry_corpus_cleaned_and_updated_data\hungry\5C2F730C-9721-40B7-A2D8-C257DB518978-1429966327-1.0-m-04-hu.wav,hungry,m,4,hu,8000,1,7.0
D:\IISc\sem2\EdgeAI\Project\proj-v2\donateacry-corpus-master\donateacry_corpus_cleaned_and_updated_data\hungry\2439388A-9CF2-4D3B-9534-E6951FC9EAD4-1436877944-1.1-m-26-hu.wav,hungry,m,26,hu,8000,1,7.0
D:\IISc\sem2\EdgeAI\Project\proj-v2\donateacry-corpus-master\donateacry_corpus_cleaned_and_updated_data\hungry\92d08bbe-553f-4844-85b1-15d572f06ea2-1436873211119-1.7-m-04-hu.wav,hungry,m,4,hu,8000,1,6.78
D:\IISc\sem2\EdgeAI\Project\proj-v2\donateacry-corpus-master\donateacry_corpus_cleaned_and_updated_data\hungry\ae5f103b-5fee-442f-bb1b-d9d0570c46ab-1431533809819-1.7-m-26-hu.wav,hungry,m,26,hu,8000,1,6.96
D:\IISc\sem2\EdgeAI\Project\proj-v2\donateacry-corpus-master\donateacry_corpus_cleaned_and_updated_data\burping\7E4B9C14-F955-4BED-9B03-7F3096A6CBFF-1430232208-1.0-f-26-bu.wav,burping,f,26,bu,8000,1,7.0
D:\IISc\sem2\EdgeAI\Project\proj-v2\donateacry-corpus-master\donateacry_corpus_cleaned_and_updated_data\discomfort\10A40438-09AA-4A21-83B4-8119F03F7A11-1430925142-1.0-f-26-dc.wav,discomfort,f,26,dc,8000,1,7.0
D:\IISc\sem2\EdgeAI\Project\proj-v2\donateacry-corpus-master\donateacry_corpus_cleaned_and_updated_data\tired\ca7d8d54-13cb-4060-8db4-90651b60c078-1434674792223-1.7-f-26-ti.wav,tired,f,26,ti,8000,1,6.78
D:\IISc\sem2\EdgeAI\Project\proj-v2\donateacry-corpus-master\donateacry_corpus_cleaned_and_updated_data\hungry\64acb345-a61e-4ef3-a5a6-cf83c04b83f1-1430058973897-1.7-m-72-hu.wav,hungry,m,72,hu,8000,1,6.62
D:\IISc\sem2\EdgeAI\Project\proj-v2\donateacry-corpus-master\donateacry_corpus_cleaned_and_updated_data\hungry\B327333E-2DE2-4833-A75A-4C576208BED3-1430087429-1.0-f-48-hu.wav,hungry,f,48,hu,8000,1,7.0
D:\IISc\sem2\EdgeAI\Project\proj-v2\donateacry-corpus-master\donateacry_corpus_cleaned_and_updated_data\burping\af30880e-5f98-4dc0-b37a-be6b21fa0ba3-1431240072536-1.7-m-26-bu.wav,burping,m,26,bu,8000,1,6.54
D:\IISc\sem2\EdgeAI\Project\proj-v2\donateacry-corpus-master\donateacry_corpus_cleaned_and_updated_data\hungry\f896b69d-6241-4b51-9c45-0d628bc827c1-1430090400166-1.7-m-72-hu.wav,hungry,m,72,hu,8000,1,6.9
D:\IISc\sem2\EdgeAI\Project\proj-v2\donateacry-corpus-master\donateacry_corpus_cleaned_and_updated_data\hungry\8c66887c-8251-49fa-903b-c02d56405f58-1436856065644-1.7-m-26-hu.wav,hungry,m,26,hu,8000,1,6.96
D:\IISc\sem2\EdgeAI\Project\proj-v2\donateacry-corpus-master\donateacry_corpus_cleaned_and_updated_data\discomfort\2294E2B2-8E36-4DA6-A898-B947CB9446AB-1436462707-1.1-m-26-dc.wav,discomfort,m,26,dc,8000,1,7.0
D:\IISc\sem2\EdgeAI\Project\proj-v2\donateacry-corpus-master\donateacry_corpus_cleaned_and_updated_data\hungry\be21ef2a-a415-4e8b-bfe6-731bf9956e2c-1431320909516-1.7-f-26-hu.wav,hungry,f,26,hu,8000,1,6.96
D:\IISc\sem2\EdgeAI\Project\proj-v2\donateacry-corpus-master\donateacry_corpus_cleaned_and_updated_data\hungry\3030d0e9-0c9b-4616-9b83-f10dc2dedbfd-1430053594259-1.7-m-26-hu.wav,hungry,m,26,hu,8000,1,6.74
D:\IISc\sem2\EdgeAI\Project\proj-v2\donateacry-corpus-master\donateacry_corpus_cleaned_and_updated_data\hungry\40a4c760-facf-4911-b0a6-22eccc3ab18d-1430466176951-1.7-f-26-hu.wav,hungry,f,26,hu,8000,1,7.06
D:\IISc\sem2\EdgeAI\Project\proj-v2\donateacry-corpus-master\donateacry_corpus_cleaned_and_updated_data\discomfort\7b0e160e-0505-459e-8ecb-304d7afae9d2-1437486974312-1.7-m-04-dc.wav,discomfort,m,4,dc,8000,1,6.9
D:\IISc\sem2\EdgeAI\Project\proj-v2\donateacry-corpus-master\donateacry_corpus_cleaned_and_updated_data\hungry\42ec6f14-6ba6-457f-8a80-101ee201195c-1431345009828-1.7-m-22-hu.wav,hungry,m,22,hu,8000,1,7.06
D:\IISc\sem2\EdgeAI\Project\proj-v2\donateacry-corpus-master\donateacry_corpus_cleaned_and_updated_data\hungry\8FDA58A7-FDC6-4421-855F-738E6E853E43-1429895742-1.0-m-26-hu.wav,hungry,m,26,hu,8000,1,7.0
D:\IISc\sem2\EdgeAI\Project\proj-v2\donateacry-corpus-master\donateacry_corpus_cleaned_and_updated_data\hungry\22b43570-d440-475b-b2f1-e528c81081f7-1430663490095-1.7-m-04-hu.wav,hungry,m,4,hu,8000,1,6.96
D:\IISc\sem2\EdgeAI\Project\proj-v2\donateacry-corpus-master\donateacry_corpus_cleaned_and_updated_data\hungry\F4A0C710-AC2D-42E0-8EA9-3E4CAC31EE20-1430318416-1.0-m-04-hu.wav,hungry,m,4,hu,8000,1,7.0
D:\IISc\sem2\EdgeAI\Project\proj-v2\donateacry-corpus-master\donateacry_corpus_cleaned_and_updated_data\hungry\bfbc4d23-39b2-4b33-b686-2f048f062b60-1430077722675-1.7-f-72-hu.wav,hungry,f,72,hu,8000,1,6.78
D:\IISc\sem2\EdgeAI\Project\proj-v2\donateacry-corpus-master\donateacry_corpus_cleaned_and_updated_data\hungry\2a0e6a88-b049-4f46-a3d6-d73ffae470d5-1430770161530-1.7-m-04-hu.wav,hungry,m,4,hu,8000,1,6.94
D:\IISc\sem2\EdgeAI\Project\proj-v2\donateacry-corpus-master\donateacry_corpus_cleaned_and_updated_data\discomfort\a40b9b8d-e4bc-457a-badf-f38bdbc0c358-1430016981469-1.7-m-26-dc.wav,discomfort,m,26,dc,8000,1,6.96
D:\IISc\sem2\EdgeAI\Project\proj-v2\donateacry-corpus-master\donateacry_corpus_cleaned_and_updated_data\hungry\DCB33551-F9BA-4B4A-8DA1-A3107E1AD859-1430406483-1.0-m-04-hu.wav,hungry,m,4,hu,8000,1,7.0
D:\IISc\sem2\EdgeAI\Project\proj-v2\donateacry-corpus-master\donateacry_corpus_cleaned_and_updated_data\hungry\9641D2D5-7D9F-41B2-8345-229AE9555FEC-1430022546-1.0-m-72-hu.wav,hungry,m,72,hu,8000,1,7.0
D:\IISc\sem2\EdgeAI\Project\proj-v2\donateacry-corpus-master\donateacry_corpus_cleaned_and_updated_data\hungry\1259bcad-2308-46fa-9a36-b5d8f359886a-1430143617162-1.7-m-04-hu.wav,hungry,m,4,hu,8000,1,6.86
D:\IISc\sem2\EdgeAI\Project\proj-v2\donateacry-corpus-master\donateacry_corpus_cleaned_and_updated_data\hungry\1445575b-80ad-477b-8e48-36194cac728e-1430244987914-1.7-f-48-hu.wav,hungry,f,48,hu,8000,1,6.78
D:\IISc\sem2\EdgeAI\Project\proj-v2\donateacry-corpus-master\donateacry_corpus_cleaned_and_updated_data\hungry\aaa57dbd-7b88-454a-963e-6faa2f4ed4e7-1436982066128-1.7-f-04-hu.wav,hungry,f,4,hu,8000,1,6.92
D:\IISc\sem2\EdgeAI\Project\proj-v2\donateacry-corpus-master\donateacry_corpus_cleaned_and_updated_data\hungry\c6fd9d60-0fa7-44c0-b3ce-0192527d7b81-1430068167526-1.7-m-72-hu.wav,hungry,m,72,hu,8000,1,6.78
D:\IISc\sem2\EdgeAI\Project\proj-v2\donateacry-corpus-master\donateacry_corpus_cleaned_and_updated_data\hungry\d6cda191-4962-4308-9a36-46d5648a95ed-1431882043380-1.7-m-04-hu.wav,hungry,m,4,hu,8000,1,6.84
D:\IISc\sem2\EdgeAI\Project\proj-v2\donateacry-corpus-master\donateacry_corpus_cleaned_and_updated_data\hungry\0a983cd2-0078-4698-a048-99ac01eb167a-1433917038889-1.7-f-04-hu.wav,hungry,f,4,hu,8000,1,6.84
D:\IISc\sem2\EdgeAI\Project\proj-v2\donateacry-corpus-master\donateacry_corpus_cleaned_and_updated_data\hungry\7A22229D-06C2-4AAA-9674-DE5DF1906B3A-1436891933-1.1-m-72-hu.wav,hungry,m,72,hu,8000,1,7.0
D:\IISc\sem2\EdgeAI\Project\proj-v2\donateacry-corpus-master\donateacry_corpus_cleaned_and_updated_data\hungry\8C13A1F9-62CC-46AA-9192-BECE5CDD5CB0-1430249362-1.0-f-72-hu.wav,hungry,f,72,hu,8000,1,7.0
D:\IISc\sem2\EdgeAI\Project\proj-v2\donateacry-corpus-master\donateacry_corpus_cleaned_and_updated_data\hungry\2439388A-9CF2-4D3B-9534-E6951FC9EAD4-1436877933-1.1-m-26-hu.wav,hungry,m,26,hu,8000,1,7.0
D:\IISc\sem2\EdgeAI\Project\proj-v2\donateacry-corpus-master\donateacry_corpus_cleaned_and_updated_data\hungry\3bb2445a-9ae9-4dc8-9a2e-86c696ffa405-1430122005544-1.7-m-26-hu.wav,hungry,m,26,hu,8000,1,6.86
D:\IISc\sem2\EdgeAI\Project\proj-v2\donateacry-corpus-master\donateacry_corpus_cleaned_and_updated_data\hungry\7B924575-21FC-462A-969E-BABB46D1CBF5-1430055220-1.0-f-72-hu.wav,hungry,f,72,hu,8000,1,7.0
D:\IISc\sem2\EdgeAI\Project\proj-v2\donateacry-corpus-master\donateacry_corpus_cleaned_and_updated_data\belly_pain\C421C6FE-DFEE-4080-8AEA-848E7CE4756B-1430548333-1.0-f-26-bp.wav,belly_pain,f,26,bp,8000,1,7.0
D:\IISc\sem2\EdgeAI\Project\proj-v2\donateacry-corpus-master\donateacry_corpus_cleaned_and_updated_data\hungry\2F1C0515-EC8E-44C1-ABEA-E04EB475543A-1432143888-1.1-m-22-hu.wav,hungry,m,22,hu,8000,1,7.0
D:\IISc\sem2\EdgeAI\Project\proj-v2\donateacry-corpus-master\donateacry_corpus_cleaned_and_updated_data\hungry\815af07e-4c31-4032-8bd1-dab6e60c879e-1433156423585-1.7-m-04-hu.wav,hungry,m,4,hu,8000,1,6.96
D:\IISc\sem2\EdgeAI\Project\proj-v2\donateacry-corpus-master\donateacry_corpus_cleaned_and_updated_data\discomfort\d6cda191-4962-4308-9a36-46d5648a95ed-1431161889263-1.7-m-04-dc.wav,discomfort,m,4,dc,8000,1,6.84
D:\IISc\sem2\EdgeAI\Project\proj-v2\donateacry-corpus-master\donateacry_corpus_cleaned_and_updated_data\hungry\c10e2b0f-0cb8-4485-b82f-d453edf97db7-1430738986076-1.7-f-26-hu.wav,hungry,f,26,hu,8000,1,6.88
D:\IISc\sem2\EdgeAI\Project\proj-v2\donateacry-corpus-master\donateacry_corpus_cleaned_and_updated_data\hungry\afa44e7f-4187-4f1c-9437-b49ba75f542e-1430629785235-1.7-f-04-hu.wav,hungry,f,4,hu,8000,1,6.94
D:\IISc\sem2\EdgeAI\Project\proj-v2\donateacry-corpus-master\donateacry_corpus_cleaned_and_updated_data\hungry\30c2cee4-b682-4dcb-86b9-7fa6f36f1b66-1430728411287-1.7-f-72-hu.wav,hungry,f,72,hu,8000,1,6.94
D:\IISc\sem2\EdgeAI\Project\proj-v2\donateacry-corpus-master\donateacry_corpus_cleaned_and_updated_data\hungry\602b06a7-31f0-4370-b35a-9cc81d205958-1430739585531-1.7-m-04-hu.wav,hungry,m,4,hu,8000,1,6.92
D:\IISc\sem2\EdgeAI\Project\proj-v2\donateacry-corpus-master\donateacry_corpus_cleaned_and_updated_data\hungry\ed31b187-34af-4ff1-979c-3b8a5905fb7b-1430045366784-1.7-f-04-hu.wav,hungry,f,4,hu,8000,1,6.64
D:\IISc\sem2\EdgeAI\Project\proj-v2\donateacry-corpus-master\donateacry_corpus_cleaned_and_updated_data\discomfort\837fd072-8704-4196-9ff1-1d2c07886e55-1432429478471-1.7-m-22-dc.wav,discomfort,m,22,dc,8000,1,6.96
D:\IISc\sem2\EdgeAI\Project\proj-v2\donateacry-corpus-master\donateacry_corpus_cleaned_and_updated_data\hungry\789d2553-cbf2-4911-91e4-fb228d231238-1430818517787-1.7-m-26-hu.wav,hungry,m,26,hu,8000,1,6.64
D:\IISc\sem2\EdgeAI\Project\proj-v2\donateacry-corpus-master\donateacry_corpus_cleaned_and_updated_data\hungry\10A40438-09AA-4A21-83B4-8119F03F7A11-1430925172-1.0-f-26-hu.wav,hungry,f,26,hu,8000,1,7.0
D:\IISc\sem2\EdgeAI\Project\proj-v2\donateacry-corpus-master\donateacry_corpus_cleaned_and_updated_data\hungry\9fe37482-6a64-401d-b8b9-3e47d6ed9ac0-1430047362195-1.7-f-26-hu.wav,hungry,f,26,hu,8000,1,6.92
D:\IISc\sem2\EdgeAI\Project\proj-v2\donateacry-corpus-master\donateacry_corpus_cleaned_and_updated_data\hungry\719bb382-a592-46b7-82d2-8b4a625263b7-1430376267895-1.7-m-48-hu.wav,hungry,m,48,hu,8000,1,6.86
D:\IISc\sem2\EdgeAI\Project\proj-v2\donateacry-corpus-master\donateacry_corpus_cleaned_and_updated_data\hungry\3c51dedc-6e4c-47dd-a179-86a25e95f1ef-1430651019625-1.7-m-04-hu.wav,hungry,m,4,hu,8000,1,7.06
D:\IISc\sem2\EdgeAI\Project\proj-v2\donateacry-corpus-master\donateacry_corpus_cleaned_and_updated_data\hungry\F1AF5794-AD3B-4181-B010-AB835E5BDA64-1430441342-1.0-m-72-hu.wav,hungry,m,72,hu,8000,1,7.0
D:\IISc\sem2\EdgeAI\Project\proj-v2\donateacry-corpus-master\donateacry_corpus_cleaned_and_updated_data\hungry\f896b69d-6241-4b51-9c45-0d628bc827c1-1430090255303-1.7-m-04-hu.wav,hungry,m,4,hu,8000,1,6.92
D:\IISc\sem2\EdgeAI\Project\proj-v2\donateacry-corpus-master\donateacry_corpus_cleaned_and_updated_data\belly_pain\643D64AD-B711-469A-AF69-55C0D5D3E30F-1430138506-1.0-m-72-bp.wav,belly_pain,m,72,bp,8000,1,7.0
D:\IISc\sem2\EdgeAI\Project\proj-v2\donateacry-corpus-master\donateacry_corpus_cleaned_and_updated_data\hungry\F2F97740-D638-4B6F-9E09-3AC65F06B448-1436849313-1.1-f-48-hu.wav,hungry,f,48,hu,8000,1,7.0
D:\IISc\sem2\EdgeAI\Project\proj-v2\donateacry-corpus-master\donateacry_corpus_cleaned_and_updated_data\hungry\aaa57dbd-7b88-454a-963e-6faa2f4ed4e7-1436988612387-1.7-f-04-hu.wav,hungry,f,4,hu,8000,1,6.92
D:\IISc\sem2\EdgeAI\Project\proj-v2\donateacry-corpus-master\donateacry_corpus_cleaned_and_updated_data\hungry\bb2bdafb-0477-4be4-8c41-1a6192e8c6d4-1430637640279-1.7-m-72-hu.wav,hungry,m,72,hu,8000,1,6.66
D:\IISc\sem2\EdgeAI\Project\proj-v2\donateacry-corpus-master\donateacry_corpus_cleaned_and_updated_data\hungry\177dc72e-d0f8-47ef-a5a7-3b46878e11a0-1430736533767-1.7-f-26-hu.wav,hungry,f,26,hu,8000,1,6.92
D:\IISc\sem2\EdgeAI\Project\proj-v2\donateacry-corpus-master\donateacry_corpus_cleaned_and_updated_data\hungry\40a4c760-facf-4911-b0a6-22eccc3ab18d-1430477717469-1.7-f-26-hu.wav,hungry,f,26,hu,8000,1,7.06
D:\IISc\sem2\EdgeAI\Project\proj-v2\donateacry-corpus-master\donateacry_corpus_cleaned_and_updated_data\hungry\2a0e6a88-b049-4f46-a3d6-d73ffae470d5-1430770144865-1.7-m-04-hu.wav,hungry,m,4,hu,8000,1,6.96
D:\IISc\sem2\EdgeAI\Project\proj-v2\donateacry-corpus-master\donateacry_corpus_cleaned_and_updated_data\hungry\64acb345-a61e-4ef3-a5a6-cf83c04b83f1-1430045478300-1.7-m-72-hu.wav,hungry,m,72,hu,8000,1,6.66
D:\IISc\sem2\EdgeAI\Project\proj-v2\donateacry-corpus-master\donateacry_corpus_cleaned_and_updated_data\hungry\96986c8b-9988-4c37-a0f8-e7c4269cc3ac-1431719845836-1.7-m-26-hu.wav,hungry,m,26,hu,8000,1,6.72
D:\IISc\sem2\EdgeAI\Project\proj-v2\donateacry-corpus-master\donateacry_corpus_cleaned_and_updated_data\hungry\7A864194-4B6B-4850-ABBF-0C2A8170107B-1436846870-1.1-f-26-hu.wav,hungry,f,26,hu,8000,1,7.0
D:\IISc\sem2\EdgeAI\Project\proj-v2\donateacry-corpus-master\donateacry_corpus_cleaned_and_updated_data\hungry\7b23d26e-6f97-4e8b-b520-a9fdde21ee91-1432275312750-1.7-m-48-hu.wav,hungry,m,48,hu,8000,1,6.94
D:\IISc\sem2\EdgeAI\Project\proj-v2\donateacry-corpus-master\donateacry_corpus_cleaned_and_updated_data\hungry\2439388A-9CF2-4D3B-9534-E6951FC9EAD4-1436877953-1.1-m-26-hu.wav,hungry,m,26,hu,8000,1,7.0
D:\IISc\sem2\EdgeAI\Project\proj-v2\donateacry-corpus-master\donateacry_corpus_cleaned_and_updated_data\hungry\FF482278-24C9-4FB0-A7BE-FD92D1FE17B4-1430028319-1.0-m-26-hu.wav,hungry,m,26,hu,8000,1,7.0
D:\IISc\sem2\EdgeAI\Project\proj-v2\donateacry-corpus-master\donateacry_corpus_cleaned_and_updated_data\hungry\8f4dbf5a-b504-4452-b6ac-94e646a6a052-1430727806162-1.7-f-72-hu.wav,hungry,f,72,hu,8000,1,6.92
D:\IISc\sem2\EdgeAI\Project\proj-v2\donateacry-corpus-master\donateacry_corpus_cleaned_and_updated_data\hungry\e1e640e2-78cb-4cb7-9ccc-93813bfc251c-1430738652322-1.7-m-72-hu.wav,hungry,m,72,hu,8000,1,6.92
D:\IISc\sem2\EdgeAI\Project\proj-v2\donateacry-corpus-master\donateacry_corpus_cleaned_and_updated_data\hungry\70d30513-0ec3-49e4-9976-e85785e85c2d-1431033405793-1.7-m-04-hu.wav,hungry,m,4,hu,8000,1,6.96
D:\IISc\sem2\EdgeAI\Project\proj-v2\donateacry-corpus-master\donateacry_corpus_cleaned_and_updated_data\hungry\3bb2445a-9ae9-4dc8-9a2e-86c696ffa405-1430146536552-1.7-m-26-hu.wav,hungry,m,26,hu,8000,1,6.86
D:\IISc\sem2\EdgeAI\Project\proj-v2\donateacry-corpus-master\donateacry_corpus_cleaned_and_updated_data\belly_pain\999bf14b-e417-4b44-b746-9253f81efe38-1430974001343-1.7-m-26-bp.wav,belly_pain,m,26,bp,8000,1,6.9
D:\IISc\sem2\EdgeAI\Project\proj-v2\donateacry-corpus-master\donateacry_corpus_cleaned_and_updated_data\hungry\4CD5903D-E2CE-401E-B898-D873C763F44B-1430727653-1.0-m-26-hu.wav,hungry,m,26,hu,8000,1,7.0
D:\IISc\sem2\EdgeAI\Project\proj-v2\donateacry-corpus-master\donateacry_corpus_cleaned_and_updated_data\discomfort\79FF400A-97E2-4701-987D-C7C850D5523C-1430089621-1.0-f-48-dc.wav,discomfort,f,48,dc,8000,1,7.0
D:\IISc\sem2\EdgeAI\Project\proj-v2\donateacry-corpus-master\donateacry_corpus_cleaned_and_updated_data\burping\AEA8AE04-D00E-48A7-8A0B-6D87E2175121-1430563241-1.0-f-72-bu.wav,burping,f,72,bu,8000,1,7.0
D:\IISc\sem2\EdgeAI\Project\proj-v2\donateacry-corpus-master\donateacry_corpus_cleaned_and_updated_data\belly_pain\643D64AD-B711-469A-AF69-55C0D5D3E30F-1430138591-1.0-m-72-bp.wav,belly_pain,m,72,bp,8000,1,7.0
D:\IISc\sem2\EdgeAI\Project\proj-v2\donateacry-corpus-master\donateacry_corpus_cleaned_and_updated_data\hungry\743E7CCA-D32B-40B6-9541-9808122D3F6B-1436860028-1.1-f-26-hu.wav,hungry,f,26,hu,8000,1,7.0
D:\IISc\sem2\EdgeAI\Project\proj-v2\donateacry-corpus-master\donateacry_corpus_cleaned_and_updated_data\hungry\70d30513-0ec3-49e4-9976-e85785e85c2d-1431033390358-1.7-m-04-hu.wav,hungry,m,4,hu,8000,1,6.94
D:\IISc\sem2\EdgeAI\Project\proj-v2\donateacry-corpus-master\donateacry_corpus_cleaned_and_updated_data\hungry\bb2bdafb-0477-4be4-8c41-1a6192e8c6d4-1430637736064-1.7-m-72-hu.wav,hungry,m,72,hu,8000,1,6.66
D:\IISc\sem2\EdgeAI\Project\proj-v2\donateacry-corpus-master\donateacry_corpus_cleaned_and_updated_data\hungry\8c2a1f03-07f4-4aee-a73f-bc57beb2b600-1430761324670-1.7-f-26-hu.wav,hungry,f,26,hu,8000,1,6.64
D:\IISc\sem2\EdgeAI\Project\proj-v2\donateacry-corpus-master\donateacry_corpus_cleaned_and_updated_data\hungry\C421C6FE-DFEE-4080-8AEA-848E7CE4756B-1430548277-1.0-f-26-hu.wav,hungry,f,26,hu,8000,1,7.0
D:\IISc\sem2\EdgeAI\Project\proj-v2\donateacry-corpus-master\donateacry_corpus_cleaned_and_updated_data\hungry\375308C6-F894-49A5-B246-8C2819E9C6ED-1430416651-1.0-m-04-hu.wav,hungry,m,4,hu,8000,1,7.0
D:\IISc\sem2\EdgeAI\Project\proj-v2\donateacry-corpus-master\donateacry_corpus_cleaned_and_updated_data\hungry\aaa57dbd-7b88-454a-963e-6faa2f4ed4e7-1436910225455-1.7-f-04-hu.wav,hungry,f,4,hu,8000,1,7.04
D:\IISc\sem2\EdgeAI\Project\proj-v2\donateacry-corpus-master\donateacry_corpus_cleaned_and_updated_data\tired\79FF400A-97E2-4701-987D-C7C850D5523C-1430089487-1.0-f-48-ti.wav,tired,f,48,ti,8000,1,7.0
D:\IISc\sem2\EdgeAI\Project\proj-v2\donateacry-corpus-master\donateacry_corpus_cleaned_and_updated_data\discomfort\d6cda191-4962-4308-9a36-46d5648a95ed-1431086262776-1.7-m-04-ch.wav,discomfort,m,4,ch,8000,1,6.84
D:\IISc\sem2\EdgeAI\Project\proj-v2\donateacry-corpus-master\donateacry_corpus_cleaned_and_updated_data\hungry\F95D4BCE-2FB0-4A0C-A058-BFB0674539AF-1430055950-1.0-m-26-hu.wav,hungry,m,26,hu,8000,1,7.0
D:\IISc\sem2\EdgeAI\Project\proj-v2\donateacry-corpus-master\donateacry_corpus_cleaned_and_updated_data\hungry\5C2F730C-9721-40B7-A2D8-C257DB518978-1429966336-1.0-m-04-hu.wav,hungry,m,4,hu,8000,1,7.0
D:\IISc\sem2\EdgeAI\Project\proj-v2\donateacry-corpus-master\donateacry_corpus_cleaned_and_updated_data\hungry\3d3e244d-20b1-4ec3-9732-92dcd14ff35a-1436961241219-1.7-m-72-hu.wav,hungry,m,72,hu,8000,1,6.66
D:\IISc\sem2\EdgeAI\Project\proj-v2\donateacry-corpus-master\donateacry_corpus_cleaned_and_updated_data\belly_pain\69BDA5D6-0276-4462-9BF7-951799563728-1436936185-1.1-m-26-bp.wav,belly_pain,m,26,bp,8000,1,7.0
D:\IISc\sem2\EdgeAI\Project\proj-v2\donateacry-corpus-master\donateacry_corpus_cleaned_and_updated_data\discomfort\1309B82C-F146-46F0-A723-45345AFA6EA8-1430704008-1.0-f-48-dc.wav,discomfort,f,48,dc,8000,1,7.0
D:\IISc\sem2\EdgeAI\Project\proj-v2\donateacry-corpus-master\donateacry_corpus_cleaned_and_updated_data\tired\C421C6FE-DFEE-4080-8AEA-848E7CE4756B-1430548384-1.0-m-26-ti.wav,tired,m,26,ti,8000,1,7.0
D:\IISc\sem2\EdgeAI\Project\proj-v2\donateacry-corpus-master\donateacry_corpus_cleaned_and_updated_data\hungry\c6fd9d60-0fa7-44c0-b3ce-0192527d7b81-1430066825817-1.7-m-72-hu.wav,hungry,m,72,hu,8000,1,6.78
D:\IISc\sem2\EdgeAI\Project\proj-v2\donateacry-corpus-master\donateacry_corpus_cleaned_and_updated_data\discomfort\d6cda191-4962-4308-9a36-46d5648a95ed-1426942891562-1.4-f-48-dc.wav,discomfort,f,48,dc,8000,1,6.82
D:\IISc\sem2\EdgeAI\Project\proj-v2\donateacry-corpus-master\donateacry_corpus_cleaned_and_updated_data\hungry\990DE219-FCD1-4634-91CE-19AB93E5D2B0-1430214575-1.0-m-04-hu.wav,hungry,m,4,hu,8000,1,7.0
D:\IISc\sem2\EdgeAI\Project\proj-v2\donateacry-corpus-master\donateacry_corpus_cleaned_and_updated_data\hungry\9CFD61B9-BF13-406D-8B2F-F73CFAAF25CB-1430927693-1.0-f-04-hu.wav,hungry,f,4,hu,8000,1,7.0
D:\IISc\sem2\EdgeAI\Project\proj-v2\donateacry-corpus-master\donateacry_corpus_cleaned_and_updated_data\hungry\40a4c760-facf-4911-b0a6-22eccc3ab18d-1430477780076-1.7-f-26-hu.wav,hungry,f,26,hu,8000,1,7.04
D:\IISc\sem2\EdgeAI\Project\proj-v2\donateacry-corpus-master\donateacry_corpus_cleaned_and_updated_data\hungry\9aa8bac5-eeb9-4f19-a4bf-7c439e87364b-1430745312460-1.7-m-04-hu.wav,hungry,m,4,hu,8000,1,6.54
D:\IISc\sem2\EdgeAI\Project\proj-v2\donateacry-corpus-master\donateacry_corpus_cleaned_and_updated_data\hungry\5728DDD6-149B-412F-A14B-C29B9B5E415F-1432635047-1.0-m-26-hu.wav,hungry,m,26,hu,8000,1,7.0
D:\IISc\sem2\EdgeAI\Project\proj-v2\donateacry-corpus-master\donateacry_corpus_cleaned_and_updated_data\hungry\85FAB169-4DCC-406D-AC93-2F6A8D797DAB-1437632141-1.1-m-04-hu.wav,hungry,m,4,hu,8000,1,7.0
D:\IISc\sem2\EdgeAI\Project\proj-v2\donateacry-corpus-master\donateacry_corpus_cleaned_and_updated_data\hungry\D1CB71F9-EF76-49B3-A703-41D557444D21-1436863366-1.1-m-04-hu.wav,hungry,m,4,hu,8000,1,7.0
D:\IISc\sem2\EdgeAI\Project\proj-v2\donateacry-corpus-master\donateacry_corpus_cleaned_and_updated_data\hungry\E2C4BCE0-99FD-49EC-8AB1-5EA5DF7DD8C5-1430042952-1.0-m-04-hu.wav,hungry,m,4,hu,8000,1,7.0
D:\IISc\sem2\EdgeAI\Project\proj-v2\donateacry-corpus-master\donateacry_corpus_cleaned_and_updated_data\hungry\3DF341FA-E90B-4335-A51A-A9B0769150CE-1436859277-1.1-m-04-hu.wav,hungry,m,4,hu,8000,1,7.0
D:\IISc\sem2\EdgeAI\Project\proj-v2\donateacry-corpus-master\donateacry_corpus_cleaned_and_updated_data\hungry\adcefe56-90b1-4120-83b1-93008cb6f7f0-1430731683554-1.7-m-04-hu.wav,hungry,m,4,hu,8000,1,6.94
D:\IISc\sem2\EdgeAI\Project\proj-v2\donateacry-corpus-master\donateacry_corpus_cleaned_and_updated_data\hungry\a40b9b8d-e4bc-457a-badf-f38bdbc0c358-1430016779981-1.7-m-26-hu.wav,hungry,m,26,hu,8000,1,6.94
D:\IISc\sem2\EdgeAI\Project\proj-v2\donateacry-corpus-master\donateacry_corpus_cleaned_and_updated_data\hungry\DBA77EDC-D457-4B3A-83B8-B7AFBF272D4E-1436860486-1.1-m-72-hu.wav,hungry,m,72,hu,8000,1,7.0
D:\IISc\sem2\EdgeAI\Project\proj-v2\donateacry-corpus-master\donateacry_corpus_cleaned_and_updated_data\hungry\10A40438-09AA-4A21-83B4-8119F03F7A11-1430848101-1.0-f-26-hu.wav,hungry,f,26,hu,8000,1,7.0
D:\IISc\sem2\EdgeAI\Project\proj-v2\donateacry-corpus-master\donateacry_corpus_cleaned_and_updated_data\hungry\d6cda191-4962-4308-9a36-46d5648a95ed-1430640304482-1.7-m-04-hu.wav,hungry,m,4,hu,8000,1,6.84
D:\IISc\sem2\EdgeAI\Project\proj-v2\donateacry-corpus-master\donateacry_corpus_cleaned_and_updated_data\hungry\F2F97740-D638-4B6F-9E09-3AC65F06B448-1436849335-1.1-f-48-hu.wav,hungry,f,48,hu,8000,1,7.0
D:\IISc\sem2\EdgeAI\Project\proj-v2\donateacry-corpus-master\donateacry_corpus_cleaned_and_updated_data\hungry\69374818-7b73-48ac-8200-e6a225e293fb-1430746080630-1.7-m-04-hu.wav,hungry,m,4,hu,8000,1,6.72
D:\IISc\sem2\EdgeAI\Project\proj-v2\donateacry-corpus-master\donateacry_corpus_cleaned_and_updated_data\hungry\4cefc13c-e7c0-4b5a-bddb-c40c103e640a-1431583459308-1.7-f-26-hu.wav,hungry,f,26,hu,8000,1,6.78
D:\IISc\sem2\EdgeAI\Project\proj-v2\donateacry-corpus-master\donateacry_corpus_cleaned_and_updated_data\hungry\39180491-e076-4300-b5de-24e812dca6fe-1435708371348-1.7-f-04-hu.wav,hungry,f,4,hu,8000,1,6.86
D:\IISc\sem2\EdgeAI\Project\proj-v2\donateacry-corpus-master\donateacry_corpus_cleaned_and_updated_data\hungry\999bf14b-e417-4b44-b746-9253f81efe38-1431013054417-1.7-m-26-hu.wav,hungry,m,26,hu,8000,1,6.9
D:\IISc\sem2\EdgeAI\Project\proj-v2\donateacry-corpus-master\donateacry_corpus_cleaned_and_updated_data\hungry\ca7d8d54-13cb-4060-8db4-90651b60c078-1434674769219-1.7-f-26-hu.wav,hungry,f,26,hu,8000,1,6.78
D:\IISc\sem2\EdgeAI\Project\proj-v2\donateacry-corpus-master\donateacry_corpus_cleaned_and_updated_data\hungry\FAE74A94-9968-43ED-958C-50D7C4C1F13C-1430770871-1.0-f-22-hu.wav,hungry,f,22,hu,8000,1,7.0
D:\IISc\sem2\EdgeAI\Project\proj-v2\donateacry-corpus-master\donateacry_corpus_cleaned_and_updated_data\hungry\7E4B9C14-F955-4BED-9B03-7F3096A6CBFF-1430232157-1.0-f-26-hu.wav,hungry,f,26,hu,8000,1,7.0
D:\IISc\sem2\EdgeAI\Project\proj-v2\donateacry-corpus-master\donateacry_corpus_cleaned_and_updated_data\hungry\d1e236a0-e030-4137-9030-5625026cd098-1430477960643-1.2-m-04-hu.wav,hungry,m,4,hu,8000,1,6.92
D:\IISc\sem2\EdgeAI\Project\proj-v2\donateacry-corpus-master\donateacry_corpus_cleaned_and_updated_data\hungry\101c6709-39fb-44dc-b905-7cbeed5714a2-1434361963544-1.7-f-04-hu.wav,hungry,f,4,hu,8000,1,6.96
D:\IISc\sem2\EdgeAI\Project\proj-v2\donateacry-corpus-master\donateacry_corpus_cleaned_and_updated_data\hungry\24f2a4e1-7161-42a3-a2a2-a29a2422c0b8-1430814741368-1.7-f-26-hu.wav,hungry,f,26,hu,8000,1,6.92
D:\IISc\sem2\EdgeAI\Project\proj-v2\donateacry-corpus-master\donateacry_corpus_cleaned_and_updated_data\hungry\FF2CD2F6-404D-4626-8718-6E6C751F63B8-1431104346-1.0-m-04-hu.wav,hungry,m,4,hu,8000,1,7.0
D:\IISc\sem2\EdgeAI\Project\proj-v2\donateacry-corpus-master\donateacry_corpus_cleaned_and_updated_data\hungry\035c6b30-a145-42b9-8d0f-445cd9003d2c-1435948197257-1.7-m-04-hu.wav,hungry,m,4,hu,8000,1,6.96
D:\IISc\sem2\EdgeAI\Project\proj-v2\donateacry-corpus-master\donateacry_corpus_cleaned_and_updated_data\hungry\323cab80-2551-4a46-8c3d-62c7a5264afa-1430382588301-1.7-m-22-hu.wav,hungry,m,22,hu,8000,1,6.9
D:\IISc\sem2\EdgeAI\Project\proj-v2\donateacry-corpus-master\donateacry_corpus_cleaned_and_updated_data\hungry\5728DDD6-149B-412F-A14B-C29B9B5E415F-1432635035-1.0-m-26-hu.wav,hungry,m,26,hu,8000,1,7.0
D:\IISc\sem2\EdgeAI\Project\proj-v2\donateacry-corpus-master\donateacry_corpus_cleaned_and_updated_data\belly_pain\643D64AD-B711-469A-AF69-55C0D5D3E30F-1430138647-1.0-m-72-bp.wav,belly_pain,m,72,bp,8000,1,7.0
D:\IISc\sem2\EdgeAI\Project\proj-v2\donateacry-corpus-master\donateacry_corpus_cleaned_and_updated_data\hungry\7B924575-21FC-462A-969E-BABB46D1CBF5-1430055234-1.0-f-72-hu.wav,hungry,f,72,hu,8000,1,7.0
D:\IISc\sem2\EdgeAI\Project\proj-v2\donateacry-corpus-master\donateacry_corpus_cleaned_and_updated_data\hungry\D54D9C2A-56ED-4338-9D1F-2ADB4E081DAD-1429807598-1.0-m-48-hu.wav,hungry,m,48,hu,8000,1,7.0
D:\IISc\sem2\EdgeAI\Project\proj-v2\donateacry-corpus-master\donateacry_corpus_cleaned_and_updated_data\hungry\090C15A8-5406-4EA5-97A3-81F6527227C0-1430147533-1.0-m-72-hu.wav,hungry,m,72,hu,8000,1,7.0
D:\IISc\sem2\EdgeAI\Project\proj-v2\donateacry-corpus-master\donateacry_corpus_cleaned_and_updated_data\hungry\376C006E-3664-4056-80D0-7661F631A062-1436930593-1.1-m-26-hu.wav,hungry,m,26,hu,8000,1,7.0
D:\IISc\sem2\EdgeAI\Project\proj-v2\donateacry-corpus-master\donateacry_corpus_cleaned_and_updated_data\hungry\0c8f14a9-6999-485b-97a2-913c1cbf099c-1430760394426-1.7-m-26-hu.wav,hungry,m,26,hu,8000,1,6.96
D:\IISc\sem2\EdgeAI\Project\proj-v2\donateacry-corpus-master\donateacry_corpus_cleaned_and_updated_data\hungry\40a4c760-facf-4911-b0a6-22eccc3ab18d-1430477691332-1.7-f-26-hu.wav,hungry,f,26,hu,8000,1,7.06
D:\IISc\sem2\EdgeAI\Project\proj-v2\donateacry-corpus-master\donateacry_corpus_cleaned_and_updated_data\hungry\86c2b87a-ae7c-46a3-b6fb-7ebe748812cf-1430036562389-1.7-m-04-hu.wav,hungry,m,4,hu,8000,1,7.06
D:\IISc\sem2\EdgeAI\Project\proj-v2\donateacry-corpus-master\donateacry_corpus_cleaned_and_updated_data\tired\d6cda191-4962-4308-9a36-46d5648a95ed-1431616581736-1.7-m-04-ti.wav,tired,m,4,ti,8000,1,6.84
D:\IISc\sem2\EdgeAI\Project\proj-v2\donateacry-corpus-master\donateacry_corpus_cleaned_and_updated_data\hungry\815af07e-4c31-4032-8bd1-dab6e60c879e-1433156413683-1.7-m-04-hu.wav,hungry,m,4,hu,8000,1,6.94
D:\IISc\sem2\EdgeAI\Project\proj-v2\donateacry-corpus-master\donateacry_corpus_cleaned_and_updated_data\hungry\8f4dbf5a-b504-4452-b6ac-94e646a6a052-1430735028906-1.7-f-72-hu.wav,hungry,f,72,hu,8000,1,6.92
D:\IISc\sem2\EdgeAI\Project\proj-v2\donateacry-corpus-master\donateacry_corpus_cleaned_and_updated_data\hungry\e4051e62-d21d-4bb8-a235-fd7e859ad787-1430740613780-1.7-f-72-hu.wav,hungry,f,72,hu,8000,1,6.96
D:\IISc\sem2\EdgeAI\Project\proj-v2\donateacry-corpus-master\donateacry_corpus_cleaned_and_updated_data\hungry\549a46d8-9c84-430e-ade8-97eae2bef787-1430130714659-1.7-m-48-hu.wav,hungry,m,48,hu,8000,1,6.86
D:\IISc\sem2\EdgeAI\Project\proj-v2\donateacry-corpus-master\donateacry_corpus_cleaned_and_updated_data\hungry\b8fe4527-5e46-437f-897d-be32112bc1c8-1430166086647-1.7-f-48-hu.wav,hungry,f,48,hu,8000,1,6.74
D:\IISc\sem2\EdgeAI\Project\proj-v2\donateacry-corpus-master\donateacry_corpus_cleaned_and_updated_data\hungry\743E7CCA-D32B-40B6-9541-9808122D3F6B-1436860161-1.1-f-26-hu.wav,hungry,f,26,hu,8000,1,7.0
D:\IISc\sem2\EdgeAI\Project\proj-v2\donateacry-corpus-master\donateacry_corpus_cleaned_and_updated_data\hungry\549a46d8-9c84-430e-ade8-97eae2bef787-1430130669340-1.7-m-48-hu.wav,hungry,m,48,hu,8000,1,6.86
D:\IISc\sem2\EdgeAI\Project\proj-v2\donateacry-corpus-master\donateacry_corpus_cleaned_and_updated_data\hungry\7A864194-4B6B-4850-ABBF-0C2A8170107B-1436846824-1.1-f-26-hu.wav,hungry,f,26,hu,8000,1,7.0
D:\IISc\sem2\EdgeAI\Project\proj-v2\donateacry-corpus-master\donateacry_corpus_cleaned_and_updated_data\hungry\F95D4BCE-2FB0-4A0C-A058-BFB0674539AF-1430055809-1.0-m-26-hu.wav,hungry,m,26,hu,8000,1,7.0
D:\IISc\sem2\EdgeAI\Project\proj-v2\donateacry-corpus-master\donateacry_corpus_cleaned_and_updated_data\hungry\aaa57dbd-7b88-454a-963e-6faa2f4ed4e7-1436910235521-1.7-f-04-hu.wav,hungry,f,4,hu,8000,1,6.88
D:\IISc\sem2\EdgeAI\Project\proj-v2\donateacry-corpus-master\donateacry_corpus_cleaned_and_updated_data\hungry\40a4c760-facf-4911-b0a6-22eccc3ab18d-1430466164038-1.7-f-26-hu.wav,hungry,f,26,hu,8000,1,7.06
D:\IISc\sem2\EdgeAI\Project\proj-v2\donateacry-corpus-master\donateacry_corpus_cleaned_and_updated_data\hungry\10A40438-09AA-4A21-83B4-8119F03F7A11-1430848060-1.0-f-26-hu.wav,hungry,f,26,hu,8000,1,7.0
D:\IISc\sem2\EdgeAI\Project\proj-v2\donateacry-corpus-master\donateacry_corpus_cleaned_and_updated_data\hungry\86c2b87a-ae7c-46a3-b6fb-7ebe748812cf-1430036593222-1.7-f-26-hu.wav,hungry,f,26,hu,8000,1,7.04
D:\IISc\sem2\EdgeAI\Project\proj-v2\donateacry-corpus-master\donateacry_corpus_cleaned_and_updated_data\hungry\9aa8bac5-eeb9-4f19-a4bf-7c439e87364b-1430745385374-1.7-m-04-hu.wav,hungry,m,4,hu,8000,1,6.54
D:\IISc\sem2\EdgeAI\Project\proj-v2\donateacry-corpus-master\donateacry_corpus_cleaned_and_updated_data\belly_pain\643D64AD-B711-469A-AF69-55C0D5D3E30F-1430138536-1.0-m-72-bp.wav,belly_pain,m,72,bp,8000,1,7.0
D:\IISc\sem2\EdgeAI\Project\proj-v2\donateacry-corpus-master\donateacry_corpus_cleaned_and_updated_data\hungry\818A32F4-D5D8-426C-B88C-81A8154AC81A-1430093571-1.0-m-26-hu.wav,hungry,m,26,hu,8000,1,7.0
D:\IISc\sem2\EdgeAI\Project\proj-v2\donateacry-corpus-master\donateacry_corpus_cleaned_and_updated_data\hungry\743E7CCA-D32B-40B6-9541-9808122D3F6B-1436860053-1.1-f-26-hu.wav,hungry,f,26,hu,8000,1,7.0
D:\IISc\sem2\EdgeAI\Project\proj-v2\donateacry-corpus-master\donateacry_corpus_cleaned_and_updated_data\hungry\50DC5FBC-AC95-44F2-B55F-E4E5FB03AC96-1430007656-1.0-m-26-hu.wav,hungry,m,26,hu,8000,1,7.0
D:\IISc\sem2\EdgeAI\Project\proj-v2\donateacry-corpus-master\donateacry_corpus_cleaned_and_updated_data\hungry\3030d0e9-0c9b-4616-9b83-f10dc2dedbfd-1430326171876-1.7-m-26-hu.wav,hungry,m,26,hu,8000,1,6.76
D:\IISc\sem2\EdgeAI\Project\proj-v2\donateacry-corpus-master\donateacry_corpus_cleaned_and_updated_data\hungry\1f40790f-68f2-4e7e-845e-715bd97c82d0-1429979568422-1.7-m-04-hu.wav,hungry,m,4,hu,8000,1,6.86
D:\IISc\sem2\EdgeAI\Project\proj-v2\donateacry-corpus-master\donateacry_corpus_cleaned_and_updated_data\hungry\7A864194-4B6B-4850-ABBF-0C2A8170107B-1436846797-1.1-f-26-hu.wav,hungry,f,26,hu,8000,1,7.0
D:\IISc\sem2\EdgeAI\Project\proj-v2\donateacry-corpus-master\donateacry_corpus_cleaned_and_updated_data\hungry\c6fd9d60-0fa7-44c0-b3ce-0192527d7b81-1430068155237-1.7-m-72-hu.wav,hungry,m,72,hu,8000,1,6.78
D:\IISc\sem2\EdgeAI\Project\proj-v2\donateacry-corpus-master\donateacry_corpus_cleaned_and_updated_data\hungry\3bb2445a-9ae9-4dc8-9a2e-86c696ffa405-1430122381138-1.7-m-26-hu.wav,hungry,m,26,hu,8000,1,6.92
D:\IISc\sem2\EdgeAI\Project\proj-v2\donateacry-corpus-master\donateacry_corpus_cleaned_and_updated_data\hungry\40a4c760-facf-4911-b0a6-22eccc3ab18d-1430477756469-1.7-f-26-hu.wav,hungry,f,26,hu,8000,1,7.06
D:\IISc\sem2\EdgeAI\Project\proj-v2\donateacry-corpus-master\donateacry_corpus_cleaned_and_updated_data\tired\cecd525b-18fd-49e3-b2b9-dfb08b93ad95-1430110029205-1.7-m-26-ti.wav,tired,m,26,ti,8000,1,6.94
D:\IISc\sem2\EdgeAI\Project\proj-v2\donateacry-corpus-master\donateacry_corpus_cleaned_and_updated_data\hungry\e1e640e2-78cb-4cb7-9ccc-93813bfc251c-1430738640598-1.7-m-72-hu.wav,hungry,m,72,hu,8000,1,6.92
D:\IISc\sem2\EdgeAI\Project\proj-v2\donateacry-corpus-master\donateacry_corpus_cleaned_and_updated_data\tired\03ADDCFB-354E-416D-BF32-260CF47F7060-1433658024-1.1-f-04-ti.wav,tired,f,4,ti,8000,1,7.0
D:\IISc\sem2\EdgeAI\Project\proj-v2\donateacry-corpus-master\donateacry_corpus_cleaned_and_updated_data\hungry\771fa0cc-4535-471b-9cec-d26deff8d567-1429803644891-1.7-m-04-hu.wav,hungry,m,4,hu,8000,1,6.82
D:\IISc\sem2\EdgeAI\Project\proj-v2\donateacry-corpus-master\donateacry_corpus_cleaned_and_updated_data\hungry\7060a4f6-4c0c-494b-912c-ae60158b185a-1436931995150-1.7-f-04-hu.wav,hungry,f,4,hu,8000,1,6.94
D:\IISc\sem2\EdgeAI\Project\proj-v2\donateacry-corpus-master\donateacry_corpus_cleaned_and_updated_data\hungry\e37c323c-0edb-4942-be47-3cc0b2de00a1-1434392919844-1.7-f-26-hu.wav,hungry,f,26,hu,8000,1,6.88
